{
  "1": {
    "Basic": {
      "case": 1,
      "degree": 9,
      "iteration": 1,
      "time": 92.88211514700001,
      "mre": 0.0001621211519609982
    },
    "Fast": {
      "case": 1,
      "degree": 6,
      "iteration": 3,
      "time": 90.312701598,
      "mre": 0.00027860013957351046
    }
  },
  "10": {
    "Basic": {
      "case": 0,
      "degree": 7,
      "iteration": 5,
      "time": 48.398367984,
      "mre": 2.5053516706095478e-9
    }
  },
  "11": {
    "Basic": {
      "case": 0,
      "degree": 7,
      "iteration": 5,
      "time": 49.076091174,
      "mre": 6.81507758618072e-9
    }
  },
  "2": {
    "Basic": {
      "case": 1,
      "degree": 9,
      "iteration": 1,
      "time": 93.003074989,
      "mre": 0.0001617271842022075
    },
    "Fast": {
      "case": 1,
      "degree": 6,
      "iteration": 3,
      "time": 90.313552629,
      "mre": 0.00027851533841526826
    }
  },
  "3": {
    "Basic": {
      "case": 0,
      "degree": 7,
      "iteration": 4,
      "time": 178.435776364,
      "mre": 5.702708732109222e-7
    },
    "Fast": {
      "case": 1,
      "degree": 6,
      "iteration": 3,
      "time": 90.443810464,
      "mre": 0.00027924312753981013
    }
  },
  "4": {
    "Basic": {
      "case": 0,
      "degree": 7,
      "iteration": 4,
      "time": 179.177526878,
      "mre": 5.693293582933688e-7
    },
    "Fast": {
      "case": 1,
      "degree": 6,
      "iteration": 3,
      "time": 90.38607593500001,
      "mre": 0.0002792564826194474
    }
  },
  "5": {
    "Basic": {
      "case": 0,
      "degree": 7,
      "iteration": 6,
      "time": 134.522826595,
      "mre": 6.461811547915462e-9
    },
    "Fast": {
      "case": 1,
      "degree": 5,
      "iteration": 5,
      "time": 90.497397905,
      "mre": 0.0002736116419910672
    }
  },
  "6": {
    "Basic": {
      "case": 0,
      "degree": 7,
      "iteration": 6,
      "time": 136.116240491,
      "mre": 2.5067413554143603e-9
    },
    "Fast": {
      "case": 1,
      "degree": 6,
      "iteration": 3,
      "time": 90.401382638,
      "mre": 0.0002784544149619533
    }
  },
  "7": {
    "Basic": {
      "case": 0,
      "degree": 6,
      "iteration": 8,
      "time": 134.071804448,
      "mre": 6.8119940588202705e-9
    },
    "Fast": {
      "case": 1,
      "degree": 7,
      "iteration": 2,
      "time": 89.28134066300001,
      "mre": 0.0002662571370944638
    }
  },
  "8": {
    "Basic": {
      "case": 0,
      "degree": 7,
      "iteration": 6,
      "time": 90.836779631,
      "mre": 2.504650731590942e-9
    },
    "Fast": {
      "case": 1,
      "degree": 7,
      "iteration": 2,
      "time": 88.9118303,
      "mre": 0.0002662318712083919
    }
  },
  "9": {
    "Basic": {
      "case": 0,
      "degree": 6,
      "iteration": 8,
      "time": 91.769986137,
      "mre": 6.812043420769803e-9
    },
    "Fast": {
      "case": 1,
      "degree": 6,
      "iteration": 3,
      "time": 89.69577530500001,
      "mre": 0.0002786903420898223
    }
  }
}